原始URL,资产地址,状态,节点数,HTTP码,响应秒数,摘要
http://103.110.221.73:8888/api/sub,,提取成功,1,200,0.73,
http://104.225.237.87:8080,,提取成功,1,200,0.21,
http://104.225.237.87:8080/config.yaml,,提取成功,1,200,0.23,
http://104.225.237.87:8080/sub,,提取成功,1,200,0.28,
http://121.237.180.130:1333,,提取成功,52,200,1.61,
http://123.207.220.143:19999,,提取成功,2,200,0.84,
http://124.151.45.41:60002,,提取成功,2,200,1.38,
http://124.151.45.41:60002/sub,,提取成功,2,200,1.76,
http://124.151.45.41:60002/sub.yaml,,提取成功,2,200,1.42,
http://124.70.186.158:9981/sub.yaml,,提取成功,274,200,2.52,
http://129.146.140.147:80,,提取成功,17,200,0.25,
http://13.214.178.3:8080/api/user/subscribe,,请求失败,0,0,0.0,
http://13.228.5.237:8888/api/user/subscribe,,请求失败,0,0,0.0,
http://140.245.67.203:80/link,,无有效节点,0,200,0.9,<!DOCTYPE html><!--lyN8r2k8xiCIlYjku_FCO--><html l
http://151.241.229.8:80,,无有效节点,0,200,1.75,"<!DOCTYPE html>
<html lang=""ru"">
<head>
    <me"
http://151.241.229.8:80/api/sub,,无有效节点,0,200,1.75,"<!DOCTYPE html>
<html lang=""ru"">
<head>
    <me"
http://151.241.229.8:80/api/user/subscribe,,无有效节点,0,200,1.75,"<!DOCTYPE html>
<html lang=""ru"">
<head>
    <me"
http://151.241.229.8:80/api/v1/client/subscribe,,无有效节点,0,200,1.74,"<!DOCTYPE html>
<html lang=""ru"">
<head>
    <me"
http://151.241.229.8:80/client/subscribe,,无有效节点,0,200,1.75,"<!DOCTYPE html>
<html lang=""ru"">
<head>
    <me"
http://151.241.229.8:80/config.yaml,,无有效节点,0,200,1.75,"<!DOCTYPE html>
<html lang=""ru"">
<head>
    <me"
http://151.241.229.8:80/link,,无有效节点,0,200,1.75,"<!DOCTYPE html>
<html lang=""ru"">
<head>
    <me"
http://151.241.229.8:80/s,,无有效节点,0,200,1.75,"<!DOCTYPE html>
<html lang=""ru"">
<head>
    <me"
http://151.241.229.8:80/sub.yaml,,无有效节点,0,200,1.75,"<!DOCTYPE html>
<html lang=""ru"">
<head>
    <me"
http://151.241.229.8:80/subscribe,,无有效节点,0,200,1.75,"<!DOCTYPE html>
<html lang=""ru"">
<head>
    <me"
http://154.21.199.212:8080,,无有效节点,0,200,0.27,"<!DOCTYPE html>
<html lang=""zh-CN"">
<head>
<meta c"
http://154.21.92.132:80,,提取成功,1,200,0.12,
http://154.21.92.18:8083,,无有效节点,0,200,0.9,"<!DOCTYPE html>
<html lang=""zh-CN"">
<head>
<meta c"
http://154.21.92.18:8083/api/sub,,无有效节点,0,200,0.9,"<!DOCTYPE html>
<html lang=""zh-CN"">
<head>
<meta c"
http://154.21.92.18:8083/api/user/subscribe,,无有效节点,0,200,1.46,"<!DOCTYPE html>
<html lang=""zh-CN"">
<head>
<meta c"
http://154.21.92.18:8083/api/v1/client/subscribe,,无有效节点,0,200,0.89,"<!DOCTYPE html>
<html lang=""zh-CN"">
<head>
<meta c"
http://154.21.92.18:8083/client/subscribe,,无有效节点,0,200,0.94,"<!DOCTYPE html>
<html lang=""zh-CN"">
<head>
<meta c"
http://154.21.92.18:8083/config.yaml,,无有效节点,0,200,0.89,"<!DOCTYPE html>
<html lang=""zh-CN"">
<head>
<meta c"
http://154.21.92.18:8083/link,,无有效节点,0,200,0.89,"<!DOCTYPE html>
<html lang=""zh-CN"">
<head>
<meta c"
http://154.21.92.18:8083/s,,无有效节点,0,200,0.94,"<!DOCTYPE html>
<html lang=""zh-CN"">
<head>
<meta c"
http://154.21.92.18:8083/sub,,无有效节点,0,200,0.89,"<!DOCTYPE html>
<html lang=""zh-CN"">
<head>
<meta c"
http://154.21.92.18:8083/sub.yaml,,无有效节点,0,200,0.94,"<!DOCTYPE html>
<html lang=""zh-CN"">
<head>
<meta c"
http://154.21.92.18:8083/subscribe,,无有效节点,0,200,0.88,"<!DOCTYPE html>
<html lang=""zh-CN"">
<head>
<meta c"
http://154.36.132.134:18080,,请求失败,0,0,0.0,
http://154.36.132.134:18080/api/sub,,请求失败,0,0,0.0,
http://154.36.132.134:18080/api/user/subscribe,,请求失败,0,0,0.0,
http://154.36.132.134:18080/api/v1/client/subscribe,,请求失败,0,0,0.0,
http://154.36.132.134:18080/client/subscribe,,请求失败,0,0,0.0,
http://154.36.132.134:18080/config.yaml,,请求失败,0,0,0.0,
http://154.36.132.134:18080/link,,请求失败,0,0,0.0,
http://154.36.132.134:18080/s,,请求失败,0,0,0.0,
http://154.36.132.134:18080/sub,,请求失败,0,0,0.0,
http://154.36.132.134:18080/sub.yaml,,请求失败,0,0,0.0,
http://154.36.132.134:18080/subscribe,,请求失败,0,0,0.0,
http://159.223.157.118:80,,无有效节点,0,200,0.14,"<!DOCTYPE html>
<html lang=""en"">
  <head>
    <met"
http://159.223.157.129:8080,,提取成功,170,200,0.39,
http://159.54.181.175:80,,提取成功,1,200,0.38,
http://159.65.79.184:80,,提取成功,7,200,0.15,
http://159.65.79.205:80,,无有效节点,0,200,2.03,"<!DOCTYPE html>

<html  dir=""ltr"" lang=""en"" xml:la"
http://176.122.174.175:8888,,请求失败,0,0,0.0,
http://186.241.105.196:80,,提取成功,47,200,0.32,
http://198.200.49.114:80,,提取成功,100,200,1.18,
http://198.200.49.114:80/sub,,提取成功,100,200,0.94,
http://198.200.49.114:80/sub.yaml,,提取成功,100,200,1.06,
http://198.200.49.114:80/subscribe,,提取成功,100,200,1.46,
http://198.23.254.116:8888/api/sub,,提取成功,3,200,0.29,
http://209.74.81.28:9999,,提取成功,2,200,0.86,
http://209.74.81.28:9999/api/sub,,提取成功,2,200,0.86,
http://209.74.81.28:9999/api/user/subscribe,,提取成功,2,200,0.85,
http://209.74.81.28:9999/api/v1/client/subscribe,,提取成功,2,200,0.84,
http://209.74.81.28:9999/client/subscribe,,提取成功,2,200,0.84,
http://209.74.81.28:9999/config.yaml,,提取成功,2,200,0.86,
http://209.74.81.28:9999/link,,提取成功,2,200,0.85,
http://209.74.81.28:9999/s,,提取成功,2,200,0.85,
http://209.74.81.28:9999/sub,,提取成功,2,200,0.86,
http://209.74.81.28:9999/sub.yaml,,提取成功,2,200,0.87,
http://209.74.81.28:9999/subscribe,,提取成功,2,200,0.87,
http://216.238.54.188:2096,,提取成功,7,200,0.66,
http://216.238.54.188:2096/api/sub,,提取成功,7,200,0.67,
http://216.238.54.188:2096/api/user/subscribe,,提取成功,7,200,0.64,
http://216.238.54.188:2096/api/v1/client/subscribe,,提取成功,7,200,0.63,
http://216.238.54.188:2096/client/subscribe,,提取成功,7,200,0.65,
http://216.238.54.188:2096/config.yaml,,提取成功,7,200,0.67,
http://216.238.54.188:2096/link,,提取成功,7,200,0.68,
http://216.238.54.188:2096/s,,提取成功,7,200,0.69,
http://216.238.54.188:2096/sub,,提取成功,7,200,0.7,
http://216.238.54.188:2096/sub.yaml,,提取成功,7,200,1.31,
http://216.238.54.188:2096/subscribe,,提取成功,7,200,0.71,
http://218.91.39.82:8081,,无有效节点,0,200,1.86,"<!DOCTYPE html>
<html class=""h100b overflow_login"""
http://38.147.172.121:8080,,无有效节点,0,200,6.01,"<!DOCTYPE html><html ng-app=""ariaNg""><head><meta c"
http://38.147.172.53:80,,提取成功,1,200,0.81,
http://38.147.172.53:80/sub,,提取成功,1,200,0.82,
http://38.181.86.158:80,,无有效节点,0,200,4.68,"<!DOCTYPE html>
<html lang=""zh-CN"">
<head>
    <me"
http://38.207.177.236:80,,提取成功,1,200,0.81,
http://38.207.177.236:80/sub,,提取成功,1,200,0.81,
http://38.65.93.241:8080,,提取成功,1,200,0.18,
http://38.65.93.241:8080/config.yaml,,提取成功,1,200,0.12,
http://38.65.93.241:8080/sub,,提取成功,1,200,0.3,
http://43.108.22.136:9999,,提取成功,1,200,0.74,
http://43.108.22.136:9999/api/sub,,提取成功,1,200,0.78,
http://43.108.22.136:9999/api/user/subscribe,,提取成功,1,200,0.75,
http://43.108.22.136:9999/api/v1/client/subscribe,,提取成功,1,200,0.79,
http://43.108.22.136:9999/client/subscribe,,提取成功,1,200,0.77,
http://43.108.22.136:9999/config.yaml,,提取成功,1,200,0.76,
http://43.108.22.136:9999/link,,提取成功,1,200,0.73,
http://43.108.22.136:9999/s,,提取成功,1,200,0.72,
http://43.108.22.136:9999/sub,,提取成功,1,200,0.79,
http://43.108.22.136:9999/sub.yaml,,提取成功,1,200,0.78,
http://43.108.22.136:9999/subscribe,,提取成功,1,200,0.71,
http://43.130.7.3:80,,提取成功,4,200,1.53,
http://43.160.239.196:443,,提取成功,1,200,1.32,
http://43.160.239.196:443/config.yaml,,提取成功,1,200,1.32,
http://43.160.239.196:8080/config.yaml,,提取成功,1,200,1.32,
http://43.163.119.246:8080,,提取成功,1,200,1.32,
http://43.173.98.10:80,,无有效节点,0,200,2.17,"<!DOCTYPE html>
<html lang=""en"">
<head>
<meta char"
http://43.173.98.10:80/api/sub,,无有效节点,0,200,2.11,"<!DOCTYPE html>
<html lang=""en"">
<head>
<meta char"
http://43.173.98.10:80/api/user/subscribe,,无有效节点,0,200,2.1,"<!DOCTYPE html>
<html lang=""en"">
<head>
<meta char"
http://43.173.98.10:80/api/v1/client/subscribe,,无有效节点,0,200,2.01,"<!DOCTYPE html>
<html lang=""en"">
<head>
<meta char"
http://43.173.98.10:80/client/subscribe,,无有效节点,0,200,2.0,"<!DOCTYPE html>
<html lang=""en"">
<head>
<meta char"
http://43.173.98.10:80/config.yaml,,无有效节点,0,200,2.01,"<!DOCTYPE html>
<html lang=""en"">
<head>
<meta char"
http://43.173.98.10:80/link,,无有效节点,0,200,1.87,"<!DOCTYPE html>
<html lang=""en"">
<head>
<meta char"
http://43.173.98.10:80/s,,无有效节点,0,200,1.56,"<!DOCTYPE html>
<html lang=""en"">
<head>
<meta char"
http://43.173.98.10:80/sub,,无有效节点,0,200,1.56,"<!DOCTYPE html>
<html lang=""en"">
<head>
<meta char"
http://43.173.98.10:80/sub.yaml,,无有效节点,0,200,1.56,"<!DOCTYPE html>
<html lang=""en"">
<head>
<meta char"
http://43.173.98.10:80/subscribe,,无有效节点,0,200,1.56,"<!DOCTYPE html>
<html lang=""en"">
<head>
<meta char"
http://43.173.98.184:80,,提取成功,2,200,0.9,
http://43.173.98.184:80/api/sub,,提取成功,2,200,0.91,
http://43.173.98.184:80/api/user/subscribe,,提取成功,2,200,0.91,
http://43.173.98.184:80/client/subscribe,,提取成功,2,200,1.65,
http://43.173.98.184:80/config.yaml,,提取成功,2,200,0.92,
http://43.173.98.184:80/link,,提取成功,2,200,0.9,
http://43.173.98.184:80/s,,提取成功,2,200,0.92,
http://43.173.98.184:80/sub,,提取成功,2,200,1.63,
http://43.173.98.184:80/sub.yaml,,提取成功,2,200,0.9,
http://43.173.98.184:80/subscribe,,提取成功,2,200,1.65,
http://43.239.249.156:8080,,提取成功,2,200,1.08,
http://45.144.136.244:8081,,提取成功,242,200,2.65,
http://45.144.136.244:8081/sub,,提取成功,242,200,3.19,
http://45.144.136.244:8081/subscribe,,提取成功,242,200,2.92,
http://45.32.248.50:80,,提取成功,1,200,1.05,
http://45.32.248.50:8080,,提取成功,1,200,1.06,
http://45.32.40.174:80,,提取成功,1,200,1.04,
http://45.32.40.174:80/config.yaml,,提取成功,1,200,1.04,
http://45.38.210.148:8080,,无有效节点,0,200,1.17,"<!DOCTYPE html>
<html>
<head>
  <title>06 VPN Clas"
http://45.38.210.148:8080/api/sub,,无有效节点,0,200,1.1,"<!DOCTYPE html>
<html>
<head>
  <title>06 VPN Clas"
http://45.38.210.148:8080/api/user/subscribe,,无有效节点,0,200,1.05,"<!DOCTYPE html>
<html>
<head>
  <title>06 VPN Clas"
http://45.38.210.148:8080/api/v1/client/subscribe,,无有效节点,0,200,1.05,"<!DOCTYPE html>
<html>
<head>
  <title>06 VPN Clas"
http://45.38.210.148:8080/client/subscribe,,无有效节点,0,200,1.05,"<!DOCTYPE html>
<html>
<head>
  <title>06 VPN Clas"
http://45.38.210.148:8080/config.yaml,,无有效节点,0,200,1.07,"<!DOCTYPE html>
<html>
<head>
  <title>06 VPN Clas"
http://45.38.210.148:8080/link,,无有效节点,0,200,1.05,"<!DOCTYPE html>
<html>
<head>
  <title>06 VPN Clas"
http://45.38.210.148:8080/s,,无有效节点,0,200,1.07,"<!DOCTYPE html>
<html>
<head>
  <title>06 VPN Clas"
http://45.38.210.148:8080/sub.yaml,,无有效节点,0,200,1.05,"<!DOCTYPE html>
<html>
<head>
  <title>06 VPN Clas"
http://45.38.210.148:8080/subscribe,,无有效节点,0,200,1.05,"<!DOCTYPE html>
<html>
<head>
  <title>06 VPN Clas"
http://45.78.49.66:8081,,提取成功,1,200,0.97,
http://45.78.49.66:8081/sub,,提取成功,1,200,0.98,
http://45.82.95.239:8083,,无有效节点,0,200,1.1,"<!DOCTYPE html>
<html lang=""de"">
<head>
<meta char"
http://47.251.186.129:8888/client/subscribe,,提取成功,1,200,1.45,
http://49.51.184.74:8888/sub.yaml,,提取成功,4,200,0.89,
http://49.51.233.150:443,,提取成功,1,200,1.44,
http://49.51.233.150:443/api/sub,,提取成功,1,200,1.5,
http://49.51.233.150:443/api/user/subscribe,,提取成功,1,200,0.91,
http://49.51.233.150:443/api/v1/client/subscribe,,提取成功,1,200,1.49,
http://49.51.233.150:443/client/subscribe,,提取成功,1,200,0.89,
http://49.51.233.150:443/config.yaml,,提取成功,1,200,1.49,
http://49.51.233.150:443/link,,提取成功,1,200,0.87,
http://49.51.233.150:443/s,,提取成功,1,200,0.88,
http://49.51.233.150:443/sub,,提取成功,1,200,0.9,
http://49.51.233.150:443/sub.yaml,,提取成功,1,200,0.9,
http://49.51.233.150:443/subscribe,,提取成功,1,200,0.88,
http://49.51.233.150:80,,提取成功,1,200,1.06,
http://49.51.233.150:80/api/sub,,提取成功,1,200,0.57,
http://49.51.233.150:80/api/user/subscribe,,提取成功,1,200,0.58,
http://49.51.233.150:80/api/v1/client/subscribe,,提取成功,1,200,0.56,
http://49.51.233.150:80/client/subscribe,,提取成功,1,200,0.72,
http://49.51.233.150:80/config.yaml,,提取成功,1,200,0.25,
http://49.51.233.150:80/link,,提取成功,1,200,0.25,
http://49.51.233.150:80/s,,提取成功,1,200,0.24,
http://49.51.233.150:80/sub,,提取成功,1,200,0.27,
http://49.51.233.150:80/sub.yaml,,提取成功,1,200,0.23,
http://49.51.233.150:80/subscribe,,提取成功,1,200,0.26,
http://64.90.31.91:80,,提取成功,4,200,0.69,
http://64.90.31.91:80/sub,,提取成功,4,200,0.7,
http://66.154.102.59:80,,提取成功,1,200,4.89,
http://66.154.102.59:80/api/sub,,提取成功,1,200,2.67,
http://66.154.102.59:80/api/user/subscribe,,提取成功,1,200,4.88,
http://66.154.102.59:80/api/v1/client/subscribe,,提取成功,1,200,5.02,
http://66.154.102.59:80/client/subscribe,,提取成功,1,200,2.66,
http://66.154.102.59:80/config.yaml,,提取成功,1,200,3.99,
http://66.154.102.59:80/link,,提取成功,1,200,4.24,
http://66.154.102.59:80/s,,提取成功,1,200,4.42,
http://66.154.102.59:80/sub,,提取成功,1,200,4.7,
http://66.154.102.59:80/subscribe,,提取成功,1,200,4.59,
http://8.130.186.22:12202,,提取成功,5,200,2.57,
http://8.154.22.87:8081,,提取成功,4,200,2.56,
http://8.160.161.191:12202,,提取成功,5,200,2.61,
https://107.161.90.169:8080,,提取成功,1,200,0.22,
https://107.174.85.153:443/api/sub,,无有效节点,0,200,0.58,vless://256add4b-b884-65dc-8829-a5f63191fc0b@jujul
https://149.104.29.83:443/sub,,无有效节点,0,404,2.56,"<html>
<head><title>404 Not Found</title></head>"
https://149.104.30.159:443,,无有效节点,0,200,3.71,"<!DOCTYPE html><html ng-app=""ariaNg""><head><meta c"
https://151.241.229.8:2083,,无有效节点,0,200,0.14,"<!DOCTYPE html>
<html lang=""ru"">
<head>
    <me"
https://156.239.227.43:443,,提取成功,41,200,2.48,
https://159.223.157.118:443,,无有效节点,0,200,0.13,"<!DOCTYPE html>
<html lang=""en"">
  <head>
    <met"
https://159.223.205.78:443,,无有效节点,0,200,0.54,"<!DOCTYPE html>


<html lang=""en"">
<head>
    <met"
https://159.65.79.205:443,,无有效节点,0,200,2.52,"<!DOCTYPE html>

<html  dir=""ltr"" lang=""en"" xml:la"
https://198.200.49.114:443,,提取成功,100,200,0.37,
https://198.200.49.114:443/sub.yaml,,提取成功,100,200,0.23,
https://198.23.238.35:8444,,提取成功,1,200,0.16,
https://198.23.238.35:8444/api/sub,,提取成功,1,200,0.15,
https://198.23.238.35:8444/api/user/subscribe,,提取成功,1,200,0.16,
https://198.23.238.35:8444/api/v1/client/subscribe,,提取成功,1,200,0.16,
https://198.23.238.35:8444/client/subscribe,,提取成功,1,200,0.17,
https://198.23.238.35:8444/config.yaml,,提取成功,1,200,0.19,
https://198.23.238.35:8444/link,,提取成功,1,200,0.18,
https://198.23.238.35:8444/s,,提取成功,1,200,0.48,
https://198.23.238.35:8444/sub,,提取成功,1,200,0.45,
https://198.23.238.35:8444/sub.yaml,,提取成功,1,200,0.46,
https://198.23.238.35:8444/subscribe,,提取成功,1,200,0.48,
https://35.169.172.101:443/api/user/subscribe,,无有效节点,0,200,0.42,"<!DOCTYPE html><html lang=""en"" class=""__variable_8"
https://35.169.172.101:443/api/v1/client/subscribe,,无有效节点,0,200,0.47,"<!DOCTYPE html><html lang=""en"" class=""__variable_8"
https://38.148.249.252:443,,请求失败,0,0,0.0,
https://38.148.249.252:443/sub,,请求失败,0,0,0.0,
https://38.181.86.158:443,,无有效节点,0,200,2.75,"<!DOCTYPE html>
<html lang=""zh-CN"">
<head>
    <me"
https://43.130.7.3:443,,提取成功,4,200,0.09,
https://43.173.98.10:443,,无有效节点,0,200,2.31,"<!DOCTYPE html>
<html lang=""en"">
<head>
<meta char"
https://43.173.98.10:443/api/sub,,无有效节点,0,200,2.31,"<!DOCTYPE html>
<html lang=""en"">
<head>
<meta char"
https://43.173.98.10:443/api/user/subscribe,,无有效节点,0,200,2.31,"<!DOCTYPE html>
<html lang=""en"">
<head>
<meta char"
https://43.173.98.10:443/api/v1/client/subscribe,,无有效节点,0,200,2.31,"<!DOCTYPE html>
<html lang=""en"">
<head>
<meta char"
https://43.173.98.10:443/client/subscribe,,无有效节点,0,200,2.47,"<!DOCTYPE html>
<html lang=""en"">
<head>
<meta char"
https://43.173.98.10:443/link,,无有效节点,0,200,2.47,"<!DOCTYPE html>
<html lang=""en"">
<head>
<meta char"
https://43.173.98.10:443/s,,无有效节点,0,200,2.47,"<!DOCTYPE html>
<html lang=""en"">
<head>
<meta char"
https://43.173.98.10:443/sub,,无有效节点,0,200,2.47,"<!DOCTYPE html>
<html lang=""en"">
<head>
<meta char"
https://43.173.98.10:443/subscribe,,无有效节点,0,200,2.46,"<!DOCTYPE html>
<html lang=""en"">
<head>
<meta char"
https://47.250.11.40:443,,提取成功,1,200,2.64,
https://66.154.101.192:443/sub,,无有效节点,0,200,0.48,"<!DOCTYPE html><html lang=""zh-CN"" data-theme=""ligh"
https://66.154.102.59:443,,提取成功,1,200,2.37,
https://66.154.102.59:443/api/sub,,提取成功,1,200,2.45,
https://66.154.102.59:443/api/user/subscribe,,提取成功,1,200,2.82,
https://66.154.102.59:443/api/v1/client/subscribe,,提取成功,1,200,2.43,
https://66.154.102.59:443/client/subscribe,,提取成功,1,200,3.0,
https://66.154.102.59:443/config.yaml,,提取成功,1,200,2.44,
https://66.154.102.59:443/link,,提取成功,1,200,3.22,
https://66.154.102.59:443/s,,提取成功,1,200,2.43,
https://66.154.102.59:443/sub,,提取成功,1,200,2.45,
https://66.154.102.59:443/sub.yaml,,提取成功,1,200,2.59,
https://66.154.102.59:443/subscribe,,提取成功,1,200,2.42,
https://69.63.220.227:8080,,提取成功,2,200,2.93,
https://69.63.220.227:8080/sub,,提取成功,2,200,2.94,
https://69.63.220.227:8080/sub.yaml,,提取成功,2,200,2.88,
